onset	duration	run_number	trial_number	image_blank_size	image_blank_num
13180.29451	32.0090634	4	28	2	36
13212.45779	31.9947832	4	29	1	3
13244.57721	31.9988852	4	30	2	47
13276.72325	31.9960069	4	31	2	63
13308.87902	31.9980249	4	32	2	20
13341.04763	31.9964533	4	33	1	61
13373.2178	31.9960404	4	34	1	68
13405.34686	31.9956182	4	35	1	10
13437.48425	29.998925	4	36	1	82
