onset	duration	run_number	trial_number	image_blank_size	image_blank_num
2623.24971	32.0087144	12	100	1	76
2655.413017	31.9953085	12	101	2	43
2687.549117	31.9960203	12	102	2	26
2719.661962	31.9954502	12	103	2	33
2751.83377	31.9986802	12	104	2	66
2783.961196	31.9955148	12	105	1	88
2816.106097	31.9992286	12	106	2	72
2848.218552	31.9960179	12	107	2	4
2880.39762	29.9970572	12	108	1	63
