onset	duration	run_number	trial_number	image_blank_size	image_blank_num
13555.5021	32.0083019	5	37	2	71
13587.6319	31.9954817	5	38	2	57
13619.81822	31.9958803	5	39	1	74
13651.96373	31.9960527	5	40	2	25
13684.1192	31.9990138	5	41	2	65
13716.29732	31.9977209	5	42	1	27
13748.43473	31.9960809	5	43	1	33
13780.55443	31.9958447	5	44	2	86
13812.69187	29.9961314	5	45	2	45
