onset	duration	run_number	trial_number	image_blank_size	image_blank_num
12813.98617	32.0088121	3	19	2	30
12846.15769	31.994823	3	20	1	23
12878.31875	31.9960359	3	21	1	5
12910.44818	31.9957564	3	22	2	40
12942.62001	31.9984452	3	23	1	7
12974.78988	31.995721	3	24	1	75
13006.92587	31.9984264	3	25	1	59
13039.08008	31.9953966	3	26	1	52
13071.20883	29.9959347	3	27	1	57
