onset	duration	run_number	trial_number	image_blank_size	image_blank_num
2246.551113	32.0133176	11	91	2	80
2278.697612	31.9947778	11	92	2	23
2310.841886	31.9961201	11	93	2	9
2342.995788	31.9962191	11	94	1	78
2375.168335	31.9990979	11	95	2	21
2407.312314	31.9993687	11	96	2	38
2439.474227	31.9955814	11	97	1	20
2471.636623	31.995908	11	98	1	35
2503.757362	29.9958998	11	99	2	64
