onset	duration	run_number	trial_number	image_blank_size	image_blank_num
727.0714243	32.0310811	7	55	1	73
759.2590056	31.9964783	7	56	1	19
791.4114732	31.998112	7	57	2	35
823.5492173	31.9957067	7	58	2	90
855.7202258	31.999087	7	59	1	2
887.8813691	31.9961753	7	60	1	22
920.0346129	32.0031569	7	61	1	17
952.1967872	31.9957726	7	62	1	13
984.3337589	29.9959871	7	63	1	87
