onset	duration	run_number	trial_number	image_blank_size	image_blank_num
6676.088024	32.0232672	5	37	1	65
6708.276385	31.9944736	5	38	2	47
6740.429644	31.9952568	5	39	2	67
6772.590952	31.9959275	5	40	2	21
6804.747631	32.0066003	5	41	2	64
6836.933383	31.9976412	5	42	1	66
6869.069073	31.9959655	5	43	1	79
6901.256121	31.9958448	5	44	1	70
6933.418895	29.9988242	5	45	1	12
