onset	duration	run_number	trial_number	image_blank_size	image_blank_num
7303.143693	32.0087804	18	154	1	12
7335.314377	31.9959137	18	155	1	78
7367.459537	31.9958561	18	156	2	60
7399.621732	31.9957196	18	157	1	53
7431.785543	31.9983964	18	158	1	13
7463.904481	31.9981616	18	159	2	47
7496.050468	32.00643	18	160	1	51
7528.236405	31.9990027	18	161	1	9
7560.373997	29.9958719	18	162	2	46
