onset	duration	run_number	trial_number	image_blank_size	image_blank_num
16926.00815	32.0087769	5	37	1	43
16958.1798	31.9955466	5	38	2	66
16990.34122	31.9956129	5	39	1	26
17022.49468	31.9961521	5	40	2	77
17054.66699	31.9988287	5	41	1	25
17086.84467	31.9957979	5	42	1	79
17119.0074	31.9957691	5	43	1	16
17151.18535	31.9956759	5	44	1	17
17183.36434	29.9959432	5	45	1	80
