onset	duration	run_number	trial_number	image_blank_size	image_blank_num
5849.698398	32.0195582	14	118	1	24
5881.870039	31.9944181	14	119	2	25
5913.997773	31.9958993	14	120	2	27
5946.117902	31.9958221	14	121	2	1
5978.2565	31.9988322	14	122	2	43
6010.384902	31.995539	14	123	1	84
6042.520734	31.9980433	14	124	2	39
6074.691141	31.9954412	14	125	1	71
6106.853288	29.996099	14	126	1	60
