onset	duration	run_number	trial_number	image_blank_size	image_blank_num
4832.526319	32.0078552	11	91	2	14
4864.696318	31.9957861	11	92	1	64
4896.858926	31.9975267	11	93	1	31
4929.028732	31.9959168	11	94	1	42
4961.208988	31.9986478	11	95	1	75
4993.328125	31.9978946	11	96	2	2
5025.489681	31.9956069	11	97	1	61
5057.619588	31.9952718	11	98	1	15
5089.746871	29.9961584	11	99	1	36
