onset	duration	run_number	trial_number	image_blank_size	image_blank_num
6597.192776	32.0083304	16	136	1	86
6629.364386	31.9947478	16	137	2	37
6661.525696	31.9958213	16	138	1	29
6693.687362	31.9958832	16	139	1	46
6725.884371	31.9988569	16	140	1	70
6758.003438	31.9979197	16	141	2	44
6790.156849	31.9966089	16	142	1	76
6822.269125	31.9955438	16	143	2	56
6854.381258	29.9959347	16	144	2	12
