onset	duration	run_number	trial_number	image_blank_size	image_blank_num
15531.91804	32.0377452	1	1	1	33
15564.13912	31.9976525	1	2	2	13
15596.33309	31.9959319	1	3	2	79
15628.51275	31.9949847	1	4	1	20
15660.67577	31.9992478	1	5	2	11
15692.81952	31.9954132	1	6	2	29
15725.01461	31.9992219	1	7	1	41
15757.14336	31.9972783	1	8	1	87
15789.31376	29.9972852	1	9	1	21
