onset	duration	run_number	trial_number	image_blank_size	image_blank_num
18304.59623	32.0094034	9	73	1	89
18336.79293	31.9951538	9	74	2	34
18368.91232	31.9960495	9	75	2	83
18401.06628	31.9962096	9	76	2	78
18433.22964	31.999806	9	77	2	48
18465.39932	31.9955195	9	78	2	8
18497.56138	31.9953377	9	79	1	50
18529.69017	31.995514	9	80	2	88
18561.84406	29.9960269	9	81	2	31
