onset	duration	run_number	trial_number	image_blank_size	image_blank_num
16246.65952	32.0083006	3	19	2	90
16278.7808	31.9967812	3	20	1	81
16310.99219	31.9960648	3	21	1	23
16343.11221	31.996201	3	22	2	86
16375.25932	31.998785	3	23	1	40
16407.41197	31.9988251	3	24	1	32
16439.56565	31.9955205	3	25	2	10
16471.76968	31.9954157	3	26	1	27
16503.90675	29.9973717	3	27	1	58
