onset	duration	run_number	trial_number	image_blank_size	image_blank_num
7985.540191	32.0082381	20	172	1	8
8017.669933	31.9947085	20	173	2	57
8049.814675	31.9957874	20	174	2	33
8081.984721	31.9960822	20	175	1	34
8114.130196	32.0002999	20	176	2	59
8146.275878	31.9955717	20	177	2	40
8178.412716	31.9956244	20	178	2	55
8210.541741	32.0068142	20	179	1	49
8242.712031	29.9969679	20	180	1	73
