onset	duration	run_number	trial_number	image_blank_size	image_blank_num
17617.83103	32.0205812	7	55	2	36
17649.99433	31.9947475	7	56	2	87
17682.18044	31.995917	7	57	1	69
17714.30975	31.9986838	7	58	2	38
17746.45652	31.9987894	7	59	1	83
17778.63497	31.995633	7	60	2	63
17810.79592	32.0050363	7	61	2	50
17842.97492	31.9963593	7	62	1	45
17875.14553	29.9960051	7	63	1	35
