onset	duration	run_number	trial_number	image_blank_size	image_blank_num
17241.15704	32.0088985	6	46	2	19
17273.31198	31.9951973	6	47	2	9
17305.47312	31.99598	6	48	2	69
17337.65191	31.9961594	6	49	1	59
17369.77425	31.9986907	6	50	2	84
17401.97738	31.9978733	6	51	1	4
17434.12222	31.9955136	6	52	1	54
17466.24266	31.9968811	6	53	2	82
17498.40522	29.9960119	6	54	2	26
