onset	duration	run_number	trial_number	image_blank_size	image_blank_num
17934.01305	32.0170346	8	64	1	37
17966.2013	31.9951317	8	65	1	65
17998.37059	31.9961738	8	66	1	47
18030.54126	31.9961485	8	67	1	38
18062.72189	31.9989702	8	68	1	74
18094.8495	31.9968579	8	69	2	68
18126.96166	31.9985999	8	70	1	82
18159.06554	31.9954961	8	71	2	81
18191.19465	29.9960186	8	72	2	15
