onset	duration	run_number	trial_number	image_blank_size	image_blank_num
6221.737614	32.0163578	15	127	1	7
6253.875287	31.9952154	15	128	2	35
6286.02044	31.9956254	15	129	2	20
6318.173614	31.9960162	15	130	2	49
6350.327635	32.0002197	15	131	2	76
6382.455799	31.9984844	15	132	1	18
6414.585685	31.9947163	15	133	2	28
6446.713719	31.9963629	15	134	1	11
6478.825684	29.9961134	15	135	2	51
