onset	duration	run_number	trial_number	image_blank_size	image_blank_num
15926.66184	32.017077	2	10	1	3
15958.84976	31.995362	2	11	2	74
15990.99425	31.9962237	2	12	1	6
16023.14855	31.995889	2	13	2	23
16055.30418	31.998311	2	14	2	64
16087.45601	31.9981912	2	15	2	70
16119.61793	31.9955625	2	16	1	19
16151.74682	31.9955803	2	17	1	88
16183.90906	29.9971112	2	18	2	72
