onset	duration	run_number	trial_number	image_blank_size	image_blank_num
16561.51606	32.0088642	4	28	2	6
16593.70443	31.9947027	4	29	1	56
16625.84075	31.996127	4	30	2	71
16657.99426	31.9961059	4	31	2	18
16690.16663	31.9987702	4	32	2	61
16722.33585	31.995459	4	33	2	4
16754.53946	31.995512	4	34	1	68
16786.71095	31.9957472	4	35	1	77
16818.85555	29.9988918	4	36	2	73
