onset	duration	run_number	trial_number	image_blank_size	image_blank_num
7622.549355	32.0080403	19	163	2	65
7654.670555	31.9948136	19	164	1	90
7686.831725	31.9957809	19	165	1	52
7718.952152	31.9959544	19	166	2	75
7751.100218	31.9979453	19	167	2	16
7783.234907	31.9955025	19	168	2	7
7815.363502	31.9953996	19	169	1	1
7847.467315	31.9961926	19	170	2	85
7879.59665	29.9986008	19	171	1	48
