onset	duration	run_number	trial_number	image_blank_size	image_blank_num
6918.906099	32.0079803	17	145	2	45
6951.052435	31.9951905	17	146	1	44
6983.188368	31.9958638	17	147	2	17
7015.333804	31.9959632	17	148	2	53
7047.472887	31.9980614	17	149	2	58
7079.633334	31.9982705	17	150	1	39
7111.803459	31.9956414	17	151	1	28
7143.966486	31.9958114	17	152	1	62
7176.111134	29.9958641	17	153	2	80
