onset	duration	run_number	trial_number	image_blank_size	image_blank_num
27928.97425	32.0086589	10	82	1	86
27961.17907	31.9949114	10	83	1	79
27993.34007	31.9959717	10	84	2	33
28025.48614	31.9963031	10	85	2	41
28057.68293	31.999508	10	86	1	53
28089.82687	32.0036612	10	87	2	14
28121.98044	32.0051377	10	88	1	36
28154.11856	31.9947272	10	89	1	58
28186.24654	29.9959949	10	90	2	60
