onset	duration	run_number	trial_number	image_blank_size	image_blank_num
2390.042846	32.0167069	15	127	1	31
2422.230678	31.9946403	15	128	1	76
2454.391208	31.9957114	15	129	1	26
2486.519802	31.9957702	15	130	2	54
2518.6752	31.9983817	15	131	2	46
2550.793694	31.9955738	15	132	2	23
2582.930538	31.9982753	15	133	2	22
2615.043597	31.9943597	15	134	1	90
2647.171216	29.996934	15	135	2	69
