onset	duration	run_number	trial_number	image_blank_size	image_blank_num
1469.610097	32.0078652	14	118	1	81
1501.806621	31.9946704	14	119	1	35
1533.942839	31.9957361	14	120	2	87
1566.104279	31.9958524	14	121	1	3
1598.276141	31.9987364	14	122	2	28
1630.44525	31.9952379	14	123	1	32
1662.606822	31.9964094	14	124	1	55
1694.743847	31.9953951	14	125	2	83
1726.872399	29.9989796	14	126	1	50
