onset	duration	run_number	trial_number	image_blank_size	image_blank_num
26064.10621	32.0087197	5	37	1	39
26096.29433	31.994847	5	38	1	62
26128.41373	31.9960579	5	39	2	72
26160.53438	31.9976273	5	40	2	90
26192.6905	31.9986517	5	41	2	40
26224.82558	31.9954963	5	42	2	1
26256.95386	31.9957072	5	43	1	56
26289.08304	31.9955835	5	44	1	83
26321.22029	29.9959631	5	45	2	30
