onset	duration	run_number	trial_number	image_blank_size	image_blank_num
26547.25622	32.0206881	6	46	1	59
26579.39417	31.9952177	6	47	2	78
26611.53031	31.9957546	6	48	2	84
26643.67567	31.9959056	6	49	2	4
26675.82273	31.9986514	6	50	2	18
26707.99183	31.9983273	6	51	1	6
26740.162	31.9971881	6	52	1	5
26772.30754	31.9968054	6	53	2	21
26804.46979	29.9959319	6	54	1	4
