onset	duration	run_number	trial_number	image_blank_size	image_blank_num
25714.82119	32.0182123	4	28	1	75
25746.95112	31.9950175	4	29	2	81
25779.09534	31.9961193	4	30	2	66
25811.21594	31.9959955	4	31	1	82
25843.37962	31.9987969	4	32	2	45
25875.57382	31.9983207	4	33	1	15
25907.73532	31.9960616	4	34	1	9
25939.92375	31.9946409	4	35	1	14
25972.05999	29.9970861	4	36	1	63
