onset	duration	run_number	trial_number	image_blank_size	image_blank_num
2725.327223	32.008206	16	136	2	31
2757.473248	31.9949416	16	137	2	89
2789.67584	31.9956994	16	138	1	7
2821.863267	31.995448	16	139	1	77
2854.026467	31.9983885	16	140	2	43
2886.212104	31.9981744	16	141	1	52
2918.373812	31.995387	16	142	1	17
2950.503377	31.9956241	16	143	2	55
2982.639719	29.9956342	16	144	2	74
