onset	duration	run_number	trial_number	image_blank_size	image_blank_num
27206.75649	32.0087994	8	64	1	73
27238.91144	31.9950818	8	65	2	5
27271.07242	31.9959772	8	66	1	69
27303.20981	31.9958971	8	67	1	57
27335.38257	31.9981314	8	68	2	34
27367.50931	31.9982814	8	69	2	53
27399.62961	31.9996878	8	70	2	86
27431.76703	32.0077475	8	71	1	74
27463.93849	29.995202	8	72	1	45
