onset	duration	run_number	trial_number	image_blank_size	image_blank_num
3801.07306	32.0081003	19	163	1	1
3833.244405	31.9947992	19	164	2	17
3865.363741	31.9958029	19	165	2	26
3897.509138	31.9959792	19	166	2	6
3929.648354	31.9983722	19	167	2	19
3961.791912	31.9954068	19	168	2	37
3993.937899	31.9979888	19	169	1	20
4026.065806	31.9957448	19	170	2	50
4058.26129	29.9958754	19	171	1	29
