onset	duration	run_number	trial_number	image_blank_size	image_blank_num
423.8694362	32.1025822	11	91	1	43
456.1078039	32.0028541	11	92	2	27
488.3024903	31.9967285	11	93	1	80
520.4735989	31.9965894	11	94	1	41
552.6300072	32.0075944	11	95	2	62
584.8253077	31.9962885	11	96	1	11
616.986872	31.9961211	11	97	1	47
649.1078093	32.0106309	11	98	2	13
681.2455014	29.9995332	11	99	2	52
