onset	duration	run_number	trial_number	image_blank_size	image_blank_num
24942.47128	32.0233986	2	10	1	46
24974.67567	31.9951035	2	11	1	38
25006.82059	31.9958373	2	12	2	3
25038.93222	31.9959966	2	13	2	42
25071.10425	31.9988824	2	14	1	34
25103.24832	32.0044864	2	15	1	64
25135.41856	31.9955577	2	16	1	33
25167.5389	31.9956	2	17	1	87
25199.65208	29.9961375	2	18	2	36
