onset	duration	run_number	trial_number	image_blank_size	image_blank_num
26885.09241	32.0086808	7	55	1	16
26917.28049	31.9952843	7	56	1	28
26949.44992	31.9959744	7	57	1	65
26981.57095	31.9982978	7	58	2	85
27013.75087	31.9988999	7	59	1	21
27045.92139	31.9988278	7	60	1	2
27078.09028	31.9956101	7	61	1	23
27110.21922	31.9954652	7	62	1	25
27142.35619	29.9993477	7	63	1	61
