onset	duration	run_number	trial_number	image_blank_size	image_blank_num
27599.95281	32.0167893	9	73	2	76
27632.12422	31.9948697	9	74	2	73
27664.28529	31.9960394	9	75	1	71
27696.39802	31.9959219	9	76	2	70
27728.53618	31.9988719	9	77	2	82
27760.67217	31.9958589	9	78	1	84
27792.82567	31.9969334	9	79	2	32
27824.98816	31.9983931	9	80	2	47
27857.11671	29.9973559	9	81	2	49
