onset	duration	run_number	trial_number	image_blank_size	image_blank_num
25363.69547	32.0081821	3	19	1	27
25395.85879	31.9943199	3	20	2	2
25427.97812	31.9958445	3	21	1	88
25460.12283	31.9961906	3	22	2	15
25492.25316	31.9991821	3	23	1	85
25524.38087	31.9982095	3	24	2	75
25556.5513	31.9964858	3	25	1	48
25588.73083	31.9957128	3	26	1	30
25620.87542	29.9960758	3	27	2	11
