onset	duration	run_number	trial_number	image_blank_size	image_blank_num
3476.519544	32.0087958	6	46	2	25
3508.690959	31.9951052	6	47	1	52
3540.827398	31.9960134	6	48	1	82
3572.963626	31.9964996	6	49	2	28
3605.128001	31.9986214	6	50	1	53
3637.313843	31.9983312	6	51	1	9
3669.483981	31.9958632	6	52	1	62
3701.587901	31.9960293	6	53	1	85
3733.73348	29.9972846	6	54	2	38
