onset	duration	run_number	trial_number	image_blank_size	image_blank_num
1843.691785	32.0089431	3	19	2	21
1875.821709	31.9951721	3	20	2	2
1907.982706	31.9961219	3	21	1	41
1940.1284	31.9961238	3	22	1	55
1972.300654	31.9987763	3	23	2	14
2004.42814	31.9968705	3	24	2	61
2036.57404	31.9982218	3	25	1	68
2068.685902	31.9956922	3	26	1	90
2100.789773	29.9961111	3	27	2	86
