onset	duration	run_number	trial_number	image_blank_size	image_blank_num
2616.762892	32.008557	5	37	1	32
2648.925964	31.9975246	5	38	1	61
2681.087628	31.9958931	5	39	2	77
2713.232289	31.9965864	5	40	2	42
2745.388293	31.9991988	5	41	1	48
2777.540827	31.9983648	5	42	2	19
2809.68622	31.9967933	5	43	2	52
2841.815347	31.9957519	5	44	2	50
2873.960633	29.9964783	5	45	2	34
