onset	duration	run_number	trial_number	image_blank_size	image_blank_num
4235.707712	32.0087477	8	64	1	44
4267.870936	31.9949003	8	65	2	63
4300.073917	31.9959724	8	66	1	13
4332.219425	31.9960731	8	67	2	78
4364.425912	32.0068976	8	68	1	46
4396.611448	32.0003507	8	69	1	56
4428.781116	31.9992325	8	70	1	7
4460.918432	31.9961349	8	71	1	88
4493.064166	29.9961643	8	72	2	56
