onset	duration	run_number	trial_number	image_blank_size	image_blank_num
3854.500937	32.0139341	7	55	2	54
3886.680824	31.9953175	7	56	2	65
3918.816982	31.9960131	7	57	1	71
3950.946323	31.9956624	7	58	2	64
3983.101427	31.9990452	7	59	1	40
4015.245793	31.9954548	7	60	1	69
4047.375283	31.9967397	7	61	1	21
4079.511631	31.9986189	7	62	1	51
4111.65726	29.9962188	7	63	2	59
