onset	duration	run_number	trial_number	image_blank_size	image_blank_num
2847.690602	32.0091468	11	91	2	5
2879.835897	31.9961853	11	92	2	76
2912.031598	31.9960627	11	93	1	63
2944.219035	31.9959733	11	94	1	76
2976.374743	31.9987552	11	95	2	32
3008.527005	31.9957183	11	96	1	59
3040.664126	31.9956876	11	97	2	53
3072.802234	31.9983521	11	98	1	86
3104.947063	29.9964078	11	99	1	6
