onset	duration	run_number	trial_number	image_blank_size	image_blank_num
2066.606429	32.0511298	9	73	1	11
2098.79457	31.9952271	9	74	1	12
2130.963454	31.9959369	9	75	1	4
2163.11772	31.9955035	9	76	1	34
2195.247456	32.0003506	9	77	2	89
2227.391793	31.9954511	9	78	2	71
2259.495281	31.9984439	9	79	1	87
2291.658565	31.9956668	9	80	1	15
2323.802991	29.9961382	9	81	2	1
