onset	duration	run_number	trial_number	image_blank_size	image_blank_num
4364.153692	32.0090013	15	127	1	10
4396.316981	31.9958813	15	128	2	3
4428.453604	31.9956522	15	129	1	81
4460.61541	31.9979637	15	130	1	57
4492.771112	31.9988747	15	131	2	29
4524.965421	32.0034584	15	132	1	17
4557.110708	31.9956495	15	133	2	80
4589.256474	31.9955719	15	134	2	31
4621.393602	29.9973506	15	135	2	81
