onset	duration	run_number	trial_number	image_blank_size	image_blank_num
15642.1151	32.0077521	17	145	2	62
15674.28606	31.9949182	17	146	1	38
15706.4476	31.9957189	17	147	2	4
15738.59269	31.9958905	17	148	1	36
15770.748	31.9989475	17	149	2	16
15802.87564	31.9980888	17	150	1	43
15835.0468	31.9958232	17	151	1	3
15867.183	31.9956554	17	152	1	74
15899.3453	29.9961078	17	153	1	78
