onset	duration	run_number	trial_number	image_blank_size	image_blank_num
16754.4801	32.008468	20	172	1	89
16786.65178	31.9953499	20	173	2	8
16818.77945	31.9961331	20	174	2	18
16850.92513	31.9961139	20	175	2	7
16883.07129	31.9998909	20	176	2	44
16915.22546	31.998008	20	177	2	79
16947.36214	31.9967104	20	178	2	88
16979.49932	31.9956764	20	179	2	48
17011.65369	29.9959143	20	180	1	58
