onset	duration	run_number	trial_number	image_blank_size	image_blank_num
7364.541603	32.0089972	15	127	1	29
7396.696665	31.9947566	15	128	1	90
7428.866453	31.9982406	15	129	1	34
7461.028171	31.9962559	15	130	2	4
7493.192105	31.9992113	15	131	1	24
7525.345075	31.9969057	15	132	2	59
7557.507613	31.9961849	15	133	1	28
7589.619116	32.0044133	15	134	2	2
7621.772977	29.9962714	15	135	2	62
