onset	duration	run_number	trial_number	image_blank_size	image_blank_num
8430.556197	32.0171457	18	154	1	54
8462.735834	31.9951641	18	155	2	67
8494.85569	31.9987219	18	156	2	52
8527.001712	31.9959653	18	157	2	61
8559.182604	32.0066008	18	158	1	38
8591.325997	31.9990399	18	159	1	18
8623.488013	31.9956903	18	160	1	72
8655.641975	31.9963536	18	161	1	69
8687.754481	29.9988904	18	162	2	27
