onset	duration	run_number	trial_number	image_blank_size	image_blank_num
9147.676335	32.0169592	20	172	1	11
9179.847604	31.9953599	20	173	1	6
9211.992857	31.9984919	20	174	2	28
9244.154665	31.9961825	20	175	1	20
9276.343574	31.9991202	20	176	2	53
9308.521116	31.9984149	20	177	1	68
9340.67587	31.9948818	20	178	2	8
9372.787347	31.996613	20	179	2	58
9404.924473	29.9977102	20	180	2	46
