onset	duration	run_number	trial_number	image_blank_size	image_blank_num
5895.716874	32.0082928	11	91	1	61
5927.913287	31.9946444	11	92	1	47
5960.074504	31.9959703	11	93	2	74
5992.252442	31.9965799	11	94	1	31
6024.42516	31.9986517	11	95	1	2
6056.560673	31.9956935	11	96	2	84
6088.706054	31.9989561	11	97	2	14
6120.843207	31.9966609	11	98	2	63
6152.997166	29.9959448	11	99	1	60
