onset	duration	run_number	trial_number	image_blank_size	image_blank_num
4173.189186	32.0156843	7	55	1	19
4205.360709	31.9949561	7	56	2	34
4237.479849	31.9968422	7	57	1	86
4269.650844	31.9965183	7	58	1	9
4301.839771	31.9988134	7	59	1	36
4334.026007	31.9982514	7	60	1	14
4366.137864	31.9958202	7	61	2	3
4398.300239	31.9957516	7	62	1	10
4430.428881	29.9975805	7	63	1	35
