onset	duration	run_number	trial_number	image_blank_size	image_blank_num
7721.193427	32.0175413	16	136	1	49
7753.356805	31.9951479	16	137	1	21
7785.49284	31.9961582	16	138	2	90
7817.630387	31.9959311	16	139	1	23
7849.777363	31.998806	16	140	2	15
7881.921472	31.9959355	16	141	2	70
7914.075389	31.9987332	16	142	2	41
7946.22117	31.9956467	16	143	2	22
7978.366619	29.9973161	16	144	2	37
