onset	duration	run_number	trial_number	image_blank_size	image_blank_num
3346.81617	32.0088178	5	37	2	32
3378.996213	31.9954071	5	38	1	57
3411.140755	31.9960621	5	39	2	64
3443.278291	31.9959833	5	40	2	86
3475.442076	31.9989715	5	41	2	10
3507.619576	31.9982902	5	42	1	80
3539.798366	31.9958209	5	43	1	7
3571.935591	31.9957957	5	44	2	76
3604.056451	29.9971844	5	45	2	18
