onset	duration	run_number	trial_number	image_blank_size	image_blank_num
6638.281563	32.0089148	13	109	1	40
6670.411463	31.9965523	13	110	2	56
6702.572484	31.9961602	13	111	2	69
6734.718114	31.9961389	13	112	2	11
6766.874243	31.9986374	13	113	2	39
6799.017939	31.9982668	13	114	2	48
6831.171219	31.9971147	13	115	1	37
6863.325155	31.9969643	13	116	1	13
6895.429436	29.9960773	13	117	1	82
