onset	duration	run_number	trial_number	image_blank_size	image_blank_num
5718.854177	32.0095927	15	127	1	67
5750.976484	31.9948439	15	128	2	82
5783.146274	31.9962501	15	129	1	2
5815.275001	31.9960358	15	130	1	50
5847.413798	31.9992784	15	131	2	71
5879.591673	31.9983337	15	132	1	22
5911.753752	31.9956784	15	133	1	51
5943.891048	32.0069535	15	134	1	82
5976.028247	29.9972272	15	135	1	42
