onset	duration	run_number	trial_number	image_blank_size	image_blank_num
20116.90649	32.0194937	7	55	1	16
20149.04455	31.9951583	7	56	2	16
20181.18096	31.9957282	7	57	2	31
20213.29292	31.99614	7	58	2	65
20245.47353	31.9989444	7	59	1	60
20277.62597	31.9982449	7	60	2	20
20309.75476	31.9956322	7	61	1	69
20341.93457	31.9957735	7	62	1	76
20374.07927	29.9961486	7	63	2	50
