onset	duration	run_number	trial_number	image_blank_size	image_blank_num
7898.852733	32.008476	20	172	1	86
7931.024413	31.9947639	20	173	2	76
7963.169204	31.9959137	20	174	2	73
7995.330994	31.995988	20	175	1	74
8027.478112	31.9990133	20	176	2	34
8059.614043	31.9956938	20	177	1	84
8091.734538	31.9985496	20	178	2	55
8123.896902	32.0067639	20	179	1	7
8156.025271	29.9976268	20	180	2	85
