onset	duration	run_number	trial_number	image_blank_size	image_blank_num
17380.47468	32.0084456	4	28	1	18
17412.61273	31.9948895	4	29	2	84
17444.77383	31.9969563	4	30	2	61
17476.93632	31.9959227	4	31	2	4
17509.10061	32.0112266	4	32	1	61
17541.26917	31.9992118	4	33	1	63
17573.40659	31.998345	4	34	2	80
17605.5685	31.9955846	4	35	1	38
17637.68039	29.9965443	4	36	2	15
