onset	duration	run_number	trial_number	image_blank_size	image_blank_num
20893.45072	32.0240937	9	73	2	72
20925.66393	31.9952218	9	74	1	5
20957.79994	31.9961064	9	75	2	62
20989.94564	31.9959494	9	76	2	23
21022.11831	31.9982147	9	77	2	24
21054.22849	31.9958906	9	78	1	87
21086.37386	31.9986381	9	79	2	74
21118.51102	31.9958163	9	80	2	19
21150.65646	29.9974582	9	81	2	6
