onset	duration	run_number	trial_number	image_blank_size	image_blank_num
7066.28948	32.0081786	18	154	2	48
7098.460947	31.9949341	18	155	1	27
7130.605368	31.9960431	18	156	2	66
7162.71717	31.9965995	18	157	2	78
7194.89864	31.9988585	18	158	2	51
7227.017648	31.9955248	18	159	2	27
7259.146259	31.9992743	18	160	2	38
7291.325429	31.9957065	18	161	1	28
7323.44551	29.9964052	18	162	1	65
