onset	duration	run_number	trial_number	image_blank_size	image_blank_num
6342.58717	32.0079975	16	136	1	8
6374.758604	31.9951596	16	137	1	17
6406.895007	31.995757	16	138	1	89
6439.015426	31.9959099	16	139	2	67
6471.185988	32.000005	16	140	1	4
6503.306636	31.9957087	16	141	2	69
6535.452083	31.9983981	16	142	1	34
6567.623645	32.0063446	16	143	1	39
6599.759593	29.9975475	16	144	1	12
