onset	duration	run_number	trial_number	image_blank_size	image_blank_num
4256.642709	32.0083499	11	91	1	71
4288.797825	31.9946455	11	92	2	79
4320.959263	31.9959616	11	93	1	56
4353.112215	31.9966807	11	94	1	40
4385.284587	31.9992188	11	95	1	68
4417.412545	31.9981689	11	96	2	45
4449.566357	31.9966991	11	97	1	44
4481.695679	32.0066153	11	98	1	80
4513.823928	29.9964642	11	99	1	53
