onset	duration	run_number	trial_number	image_blank_size	image_blank_num
17771.63043	32.0084391	5	37	2	8
17803.79228	31.9965283	5	38	1	29
17835.91309	31.9955385	5	39	1	81
17868.04955	31.9963936	5	40	2	86
17900.19734	31.998766	5	41	2	37
17932.3496	31.9983781	5	42	1	33
17964.52023	31.9968122	5	43	2	9
17996.699	31.9955899	5	44	1	70
18028.85247	29.9974981	5	45	1	55
