onset	duration	run_number	trial_number	image_blank_size	image_blank_num
16990.1773	32.0085296	3	19	1	72
17022.35711	31.996677	3	20	1	13
17054.56789	31.9963901	3	21	1	14
17086.72213	31.9962434	3	22	2	22
17118.87799	31.9988102	3	23	2	35
17151.0312	32.0043724	3	24	2	53
17183.16714	31.9962508	3	25	2	29
17215.29643	31.9955076	3	26	1	62
17247.43319	29.9965039	3	27	2	14
