onset	duration	run_number	trial_number	image_blank_size	image_blank_num
7484.783063	32.0086795	19	163	1	32
7516.962744	31.9950541	19	164	1	79
7549.066123	31.9961219	19	165	2	87
7581.178153	31.9960612	19	166	1	83
7613.350305	31.9990143	19	167	1	10
7645.512153	31.9958129	19	168	1	30
7677.656602	31.9982866	19	169	1	24
7709.785572	32.0041335	19	170	1	15
7741.905966	29.9963633	19	171	2	11
