onset	duration	run_number	trial_number	image_blank_size	image_blank_num
5351.828935	32.008307	14	118	2	75
5383.97545	31.9955174	14	119	2	47
5416.137171	31.9956019	14	120	1	19
5448.290639	31.9961705	14	121	1	37
5480.46294	31.9989586	14	122	1	20
5512.640522	31.9956457	14	123	1	43
5544.802766	31.9954924	14	124	1	58
5576.915554	31.9961409	14	125	2	43
5609.060208	29.9965361	14	126	1	78
