onset	duration	run_number	trial_number	image_blank_size	image_blank_num
15284.3678	32.0393716	14	118	1	11
15316.57248	32.003512	14	119	2	64
15348.7002	31.9962837	14	120	2	31
15380.80404	31.9965446	14	121	1	81
15412.9597	31.9987021	14	122	2	58
15445.07064	31.9983888	14	123	1	86
15477.22407	31.9959076	14	124	2	29
15509.32812	31.9968049	14	125	2	90
15541.45676	29.9993161	14	126	2	24
