onset	duration	run_number	trial_number	image_blank_size	image_blank_num
14808.01283	32.0090032	3	19	2	54
14840.18439	31.9949688	3	20	1	7
14872.34592	31.9960419	3	21	2	22
14904.50777	31.9961337	3	22	1	66
14936.69665	31.9990991	3	23	2	63
14968.816	31.9972596	3	24	2	30
15000.97814	31.9985229	3	25	1	42
15033.11523	31.9970022	3	26	2	89
15065.2777	29.9959586	3	27	1	29
