onset	duration	run_number	trial_number	image_blank_size	image_blank_num
14905.17114	32.0300643	13	109	1	72
14937.34209	31.9952291	13	110	1	76
14969.5028	31.9958771	13	111	1	65
15001.63218	31.9961633	13	112	2	48
15033.77031	31.9987753	13	113	2	53
15065.9318	31.997683	13	114	1	63
15098.0845	31.9956914	13	115	1	32
15130.23832	32.0243071	13	116	1	48
15162.40861	29.9962635	13	117	2	11
