onset	duration	run_number	trial_number	image_blank_size	image_blank_num
16464.47007	32.0425253	5	37	1	71
16496.67486	31.9960567	5	38	2	17
16528.82783	31.996049	5	39	2	68
16560.97353	31.9961174	5	40	1	18
16593.12841	32.0000057	5	41	2	59
16625.31587	31.9981678	5	42	1	77
16657.4438	31.9957136	5	43	2	52
16689.6148	32.0073445	5	44	1	23
16721.75195	29.9964999	5	45	2	79
