onset	duration	run_number	trial_number	image_blank_size	image_blank_num
18806.7614	32.0085488	16	136	2	51
18838.94114	31.9947734	16	137	1	38
18871.07759	31.9983282	16	138	1	3
18903.23953	31.9957521	16	139	2	56
18935.39489	31.9987317	16	140	2	66
18967.53067	31.9980406	16	141	2	84
18999.68416	31.9964843	16	142	1	74
19031.82964	31.9957085	16	143	2	75
19063.98321	29.9975775	16	144	1	58
