onset	duration	run_number	trial_number	image_blank_size	image_blank_num
17561.72837	32.0127287	6	46	2	40
17593.88331	31.9950614	6	47	1	90
17626.0362	31.9956534	6	48	2	19
17658.16481	31.9959296	6	49	2	14
17690.32892	31.9986104	6	50	2	5
17722.47274	31.9983298	6	51	1	24
17754.60138	31.9966922	6	52	2	1
17786.73856	31.9956079	6	53	1	85
17818.89267	29.9962507	6	54	2	8
