onset	duration	run_number	trial_number	image_blank_size	image_blank_num
15768.38956	32.0238284	4	28	1	64
15800.5862	31.9946128	4	29	1	43
15832.73093	31.9959576	4	30	2	65
15864.88432	31.9961884	4	31	2	70
15897.03994	31.9988938	4	32	2	16
15929.18393	31.9985117	4	33	2	69
15961.35535	31.9958198	4	34	1	78
15993.50839	31.9955146	4	35	1	10
16025.65389	29.996475	4	36	2	46
