onset	duration	run_number	trial_number	image_blank_size	image_blank_num
20766.72244	32.008782	11	91	2	9
20798.87732	31.9948275	11	92	2	36
20831.05544	31.9960567	11	93	1	50
20863.2006	31.9960718	11	94	2	2
20895.33924	32.0075283	11	95	1	88
20927.47533	31.998524	11	96	2	47
20959.64584	31.9955458	11	97	2	3
20991.76641	31.9957182	11	98	2	6
21023.91183	30.0005148	11	99	1	35
