onset	duration	run_number	trial_number	image_blank_size	image_blank_num
15747.33763	32.0172257	15	127	1	62
15779.50078	31.9982127	15	128	2	33
15811.68689	31.9962501	15	129	1	45
15843.81566	31.9961634	15	130	2	25
15875.95437	31.9989138	15	131	2	82
15908.12396	31.9983015	15	132	1	28
15940.23678	31.9946292	15	133	2	86
15972.38132	31.9967535	15	134	1	53
16004.50996	29.9968495	15	135	2	35
