onset	duration	run_number	trial_number	image_blank_size	image_blank_num
20424.69456	32.0257748	10	82	1	82
20456.90767	31.994861	10	83	1	4
20489.04379	31.9957026	10	84	1	87
20521.20634	31.995439	10	85	1	16
20553.38657	32.0070785	10	86	1	31
20585.53046	31.9984312	10	87	1	83
20617.65888	31.9957703	10	88	2	44
20649.82103	31.996129	10	89	1	8
20681.96673	29.9961059	10	90	2	49
